<?xml version="1.0"?>
<opencv_storage>
<cascade>
  <stageType>BOOST</stageType>
  <featureType>HAAR</featureType>
  <height>48</height>
  <width>48</width>
  <stageParams>
    <boostType>GAB</boostType>
    <minHitRate>9.9500000476837158e-01</minHitRate>
    <maxFalseAlarm>5.0000000000000000e-01</maxFalseAlarm>
    <weightTrimRate>9.4999999999999996e-01</weightTrimRate>
    <maxDepth>1</maxDepth>
    <maxWeakCount>100</maxWeakCount></stageParams>
  <featureParams>
    <maxCatCount>0</maxCatCount>
    <featSize>1</featSize>
    <mode>ALL</mode></featureParams>
  <stageNum>2</stageNum>
  <stages>
    <!-- stage 0 -->
    <_>
      <maxWeakCount>2</maxWeakCount>
      <stageThreshold>-7.2711728513240814e-02</stageThreshold>
      <weakClassifiers>
        <_>
          <internalNodes>
            0 -1 2 -1.1766736861318350e-03</internalNodes>
          <leafValues>
            -9.7570848464965820e-01 9.5256918668746948e-01</leafValues></_>
        <_>
          <internalNodes>
            0 -1 3 -9.4782942906022072e-03</internalNodes>
          <leafValues>
            9.0299677848815918e-01 -9.4150042533874512e-01</leafValues></_></weakClassifiers></_>
    <!-- stage 1 -->
    <_>
      <maxWeakCount>2</maxWeakCount>
      <stageThreshold>-4.8019073903560638e-02</stageThreshold>
      <weakClassifiers>
        <_>
          <internalNodes>
            0 -1 0 -3.0874023213982582e-03</internalNodes>
          <leafValues>
            9.6261680126190186e-01 -9.6005326509475708e-01</leafValues></_>
        <_>
          <internalNodes>
            0 -1 1 3.9921347051858902e-03</internalNodes>
          <leafValues>
            -9.6785944700241089e-01 9.1203421354293823e-01</leafValues></_></weakClassifiers></_></stages>
  <features>
    <_>
      <rects>
        <_>
          10 30 3 10 -1.</_>
        <_>
          11 31 1 10 3.</_></rects>
      <tilted>1</tilted></_>
    <_>
      <rects>
        <_>
          26 4 20 3 -1.</_>
        <_>
          25 5 20 1 3.</_></rects>
      <tilted>1</tilted></_>
    <_>
      <rects>
        <_>
          30 8 1 9 -1.</_>
        <_>
          30 11 1 3 2.</_></rects>
      <tilted>0</tilted></_>
    <_>
      <rects>
        <_>
          31 12 3 15 -1.</_>
        <_>
          32 13 1 15 3.</_></rects>
      <tilted>1</tilted></_></features></cascade>
</opencv_storage>
