<?xml version="1.0"?>
<opencv_storage>
<stage1>
  <maxWeakCount>2</maxWeakCount>
  <stageThreshold>-4.8019073903560638e-02</stageThreshold>
  <weakClassifiers>
    <_>
      <internalNodes>
        0 -1 1451001 -3.0874023213982582e-03</internalNodes>
      <leafValues>
        9.6261680126190186e-01 -9.6005326509475708e-01</leafValues></_>
    <_>
      <internalNodes>
        0 -1 3159199 3.9921347051858902e-03</internalNodes>
      <leafValues>
        -9.6785944700241089e-01 9.1203421354293823e-01</leafValues></_></weakClassifiers></stage1>
</opencv_storage>
