<?xml version="1.0"?>
<opencv_storage>
<stage0>
  <maxWeakCount>2</maxWeakCount>
  <stageThreshold>-7.2711728513240814e-02</stageThreshold>
  <weakClassifiers>
    <_>
      <internalNodes>
        0 -1 3509700 -1.1766736861318350e-03</internalNodes>
      <leafValues>
        -9.7570848464965820e-01 9.5256918668746948e-01</leafValues></_>
    <_>
      <internalNodes>
        0 -1 3596709 -9.4782942906022072e-03</internalNodes>
      <leafValues>
        9.0299677848815918e-01 -9.4150042533874512e-01</leafValues></_></weakClassifiers></stage0>
</opencv_storage>
