<?xml version="1.0"?>
<opencv_storage>
<cascade>
  <stageType>BOOST</stageType>
  <featureType>HAAR</featureType>
  <height>48</height>
  <width>48</width>
  <stageParams>
    <boostType>GAB</boostType>
    <minHitRate>9.9900001287460327e-01</minHitRate>
    <maxFalseAlarm>3.0000001192092896e-01</maxFalseAlarm>
    <weightTrimRate>9.4999999999999996e-01</weightTrimRate>
    <maxDepth>1</maxDepth>
    <maxWeakCount>100</maxWeakCount></stageParams>
  <featureParams>
    <maxCatCount>0</maxCatCount>
    <featSize>1</featSize>
    <mode>ALL</mode></featureParams>
  <stageNum>3</stageNum>
  <stages>
    <!-- stage 0 -->
    <_>
      <maxWeakCount>2</maxWeakCount>
      <stageThreshold>-6.1619777232408524e-02</stageThreshold>
      <weakClassifiers>
        <_>
          <internalNodes>
            0 -1 4 -1.1611994123086333e-03</internalNodes>
          <leafValues>
            -9.7165989875793457e-01 9.6560847759246826e-01</leafValues></_>
        <_>
          <internalNodes>
            0 -1 2 -7.6378667727112770e-03</internalNodes>
          <leafValues>
            9.1004014015197754e-01 -9.5628553628921509e-01</leafValues></_></weakClassifiers></_>
    <!-- stage 1 -->
    <_>
      <maxWeakCount>2</maxWeakCount>
      <stageThreshold>-1.1854194104671478e-02</stageThreshold>
      <weakClassifiers>
        <_>
          <internalNodes>
            0 -1 0 4.6295877546072006e-03</internalNodes>
          <leafValues>
            -9.3213570117950439e-01 9.5727634429931641e-01</leafValues></_>
        <_>
          <internalNodes>
            0 -1 1 3.5491739399731159e-03</internalNodes>
          <leafValues>
            -9.6913057565689087e-01 9.2905253171920776e-01</leafValues></_></weakClassifiers></_>
    <!-- stage 2 -->
    <_>
      <maxWeakCount>2</maxWeakCount>
      <stageThreshold>-8.0518223345279694e-02</stageThreshold>
      <weakClassifiers>
        <_>
          <internalNodes>
            0 -1 3 -1.5740796923637390e-02</internalNodes>
          <leafValues>
            9.5399188995361328e-01 -8.9041095972061157e-01</leafValues></_>
        <_>
          <internalNodes>
            0 -1 5 -1.0483865480637178e-04</internalNodes>
          <leafValues>
            8.0989271402359009e-01 -9.8885083198547363e-01</leafValues></_></weakClassifiers></_></stages>
  <features>
    <_>
      <rects>
        <_>
          14 26 2 14 -1.</_>
        <_>
          14 26 1 14 2.</_></rects>
      <tilted>1</tilted></_>
    <_>
      <rects>
        <_>
          27 5 18 3 -1.</_>
        <_>
          26 6 18 1 3.</_></rects>
      <tilted>1</tilted></_>
    <_>
      <rects>
        <_>
          31 12 3 16 -1.</_>
        <_>
          32 13 1 16 3.</_></rects>
      <tilted>1</tilted></_>
    <_>
      <rects>
        <_>
          37 5 4 22 -1.</_>
        <_>
          38 6 2 22 2.</_></rects>
      <tilted>1</tilted></_>
    <_>
      <rects>
        <_>
          39 15 1 6 -1.</_>
        <_>
          39 17 1 2 2.</_></rects>
      <tilted>0</tilted></_>
    <_>
      <rects>
        <_>
          39 17 2 1 -1.</_>
        <_>
          40 17 1 1 2.</_></rects>
      <tilted>0</tilted></_></features></cascade>
</opencv_storage>
