<?xml version="1.0"?>
<opencv_storage>
<stage2>
  <maxWeakCount>2</maxWeakCount>
  <stageThreshold>-8.0518223345279694e-02</stageThreshold>
  <weakClassifiers>
    <_>
      <internalNodes>
        0 -1 3960979 -1.5740796923637390e-02</internalNodes>
      <leafValues>
        9.5399188995361328e-01 -8.9041095972061157e-01</leafValues></_>
    <_>
      <internalNodes>
        0 -1 4071003 -1.0483865480637178e-04</internalNodes>
      <leafValues>
        8.0989271402359009e-01 -9.8885083198547363e-01</leafValues></_></weakClassifiers></stage2>
</opencv_storage>
