<?xml version="1.0"?>
<opencv_storage>
<stage0>
  <maxWeakCount>2</maxWeakCount>
  <stageThreshold>-6.1619777232408524e-02</stageThreshold>
  <weakClassifiers>
    <_>
      <internalNodes>
        0 -1 4068619 -1.1611994123086333e-03</internalNodes>
      <leafValues>
        -9.7165989875793457e-01 9.6560847759246826e-01</leafValues></_>
    <_>
      <internalNodes>
        0 -1 3596717 -7.6378667727112770e-03</internalNodes>
      <leafValues>
        9.1004014015197754e-01 -9.5628553628921509e-01</leafValues></_></weakClassifiers></stage0>
</opencv_storage>
