<?xml version="1.0"?>
<opencv_storage>
<stage1>
  <maxWeakCount>2</maxWeakCount>
  <stageThreshold>-1.1854194104671478e-02</stageThreshold>
  <weakClassifiers>
    <_>
      <internalNodes>
        0 -1 1938336 4.6295877546072006e-03</internalNodes>
      <leafValues>
        -9.3213570117950439e-01 9.5727634429931641e-01</leafValues></_>
    <_>
      <internalNodes>
        0 -1 3252974 3.5491739399731159e-03</internalNodes>
      <leafValues>
        -9.6913057565689087e-01 9.2905253171920776e-01</leafValues></_></weakClassifiers></stage1>
</opencv_storage>
